Date,SOS008L02P,SOS005L04P,SOS003L04P,SOS002L09P,SOS001L12P,SOS500M24P,SOS250M48P,SOP001L12P,POV005L04P,POV002L09P,POV001L24P,POV500M24P,POP001L12P,POP015K,SO0005L04P,SO0002L09P,SO0001L12P,SO0500M24P,POP005L04P,POP002L09P,POP001L12P.1,POP500M24P,POPF01L12P,AT5X5K,ATN02K12P,ATN01K24P,MAR02K12P,MAR01K24P,ATWWP002K12P,ATWWP001K24P,MASR025K,MAHS025K,SE500G24P,SE200G24P,ATPPCH5X5K,ATPA1K24P,MAPA1K24P,MAP1K25P,MAC1K25P,EEA500G12P,EEA200G24P
02-04-2025 00:00,1355,12594,1949,14556,21394,8552,1159,100,348,573,1829,1349,1250,0,0,0,0,0,83,228,703,429,780,2642,1819,5184,464,1607,100,42,96,25,1507,225,0,0,0,0,0,0,0
03-04-2025 00:00,338,11677,1842,13085,17059,7207,502,160,160,380,1277,559,1125,0,0,0,0,0,70,140,461,209,213,1070,1281,4345,310,999,15,37,21,0,602,109,0,0,0,0,0,0,0
04-04-2025 00:00,226,8551,1135,8573.107971,12178,4234,290,278,190,275,999,669,655,0,0,0,0,0,25,55,340,201,85,2355,736,5891.333,63,2004,11,51,35,0,1363,100,0,0,0,0,12,0,0
05-04-2025 00:00,223.5,10667.25,967,8487.11099,10920.08297,4046,485,58.41702899,236,438,1250,781,885,0,0,0,0,0,30,149,309,95,55,909.8,523,4698.958,65,760.875,50,49,46,2,756.667,130,0,0,0,0,25,0,0
06-04-2025 00:00,233,14864,1783,11923.11002,16931,6357,555,63,210,374,1112,851,1631,0,0,0,0,0,49,123,350,210,195,3504,930,3552,364,1129,0,18,244,37,1398,155,0,0,0,0,0,0,0
07-04-2025 00:00,0,0,0,0.110024155,0,0,0,0,0,0,0,0,0,0,0,0,0,0,0,0,0,0,0,0,0,0,0,0,0,0,0,0,0,0,0,0,0,0,0,0,0
08-04-2025 00:00,15,3216,305,1582,1419,796,114,35,135,170,530,730,650,0,0,0,0,0,0,10,25,5,0,10,608,324,147,81,0,0,477,0,24,0,0,0,0,0,0,0,0
09-04-2025 00:00,1521,13298,1927,11858.11002,17243,7199,495,72,260,390,1082,547,1798,0,0,0,0,0,35,115,536,320,614,3322,1782,9714,137,2100,28,101,231,240,1553,97,0,0,0,0,0,0,0
10-04-2025 00:00,142,10586.5,1902,5833.666002,15628,6310,643,85,210,360,1390,830,3524,0,0,0,0,0,90,65,512,384,915,2254,925,6696,63,1099,6,80,34,0,1163,54,0,0,0,0,0,0,0
11-04-2025 00:00,292,7137,1241,3948.11099,13523,3580,457,152,257,95,812,590,180,0,0,0,0,0,41,54,415,233,46,2414,1791,7413,532,1236,150,95,95,30,1002,48,0,0,0,0,0,0,0
12-04-2025 00:00,633,7377.35,979,4874.555978,9036.666033,3487,199,70,188,241,879,527,433,0,0,0,0,0,15,55,105,68,80,1453,1771.166,4371,300,749,20,152,80,25,631,105,0,0,0,0,0,0,0
13-04-2025 00:00,240,12338.5,1567,6838.666002,16827.08297,4635,344,64,155,313,1200,969,1066,0,0,0,0,0,67,55,437,189,385,2020,1224,6371,161,785,0,104,50,24,1094,30,0,0,0,0,0,0,0
14-04-2025 00:00,0,0.5,0,0.110990338,0,0,0,0,0,0,0,0,0,0,0,0,0,0,0,0,0,0,0,0,0,0,0,0,0,0,0,0,0,0,0,0,0,0,0,0,0
15-04-2025 00:00,80,1281.25,110.75,533,1507.666033,746,52,3.916032609,25,10,179,79,100,0,0,0,0,0,0,15,20,25,15,338.6,378.25,456.875,13.25,112.5,1.083,12.792,1050,0,26.667,0,0,0,0,0,0,0,0
16-04-2025 00:00,1180,12566.5,1837,11980.33297,16144,7905,1338,195,301,581,2175,1558,2126,0,0,0,0,0,81,231,807,288,579,2632,840,7164.167,47,1585.417,0,26,185,175,1170,78,0,0,0,100,0,0,0
17-04-2025 00:00,244,5958.4,704,7774.332971,7141,3143,212,10,125,200,790,503,455,0,0,0,0,0,26,149,438,280,245,2303,2034,4531,133,795,0,108,315,10,631,45,0,0,0,0,0,0,0
18-04-2025 00:00,1513.5,9072.5,1112,6453.332971,7806,2797,267,5,250,230,533,300,101,0,0,15,0,0,115,135,547,295,50,1746,1842,3231.042,536,551.042,5,73.042,156,17,452,120,0,0,0,0,0,0,0
19-04-2025 00:00,264,5612.75,930,3725,7143,3499,105,430,300,185,1212,670,1405,0,0,0,0,0,76,54,449,135,385,1697,417,4901,68,630.5,27,71,125,20,384,40,0,0,0,0,5,0,0
20-04-2025 00:00,836,11373.75,1265,9836.221981,15254,6121,527,161,206,524,1879,1078,640,0,0,0,0,0,54,153,342,228,315,1457,830.5,5147,153,837,5,107,65,50,1218,130,0,0,0,0,25,0,0
21-04-2025 00:00,0,0,0,0,0,0,0,0,0,0,0,0,0,0,0,0,0,0,0,0,0,0,0,0,0,0,0,0,0,0,0,0,0,0,0,0,0,0,0,0,0
22-04-2025 00:00,942.5,991.25,1216.920018,1442.328986,2517,766.6599638,6,0,10,10,15,0,25,0,0,0,0,0,0,0,48,0,0,507,250,229,46,53,0,0,1,0,52.833,0,0,0,0,0,0,0,0
23-04-2025 00:00,310,8596.5,1188,9510.667029,15982,7057,453,485,272,648,2604,1269,1182,0,0,0,0,0,190,75,221,70,115,1161,1007.25,6093.167,62.25,1343.167,4,96,10,18,924,54,0,0,0,0,50,0,0
24-04-2025 00:00,235,6465.75,679,6119.221981,8433,4286,493,164,240,269,1433,753,1672,0,0,0,0,0,75,90,248,127,270,1120,650,3118,131,812,12,85,230,80,1210,116,0,0,0,0,10,0,0
25-04-2025 00:00,645,5096,561,4749.11099,6602,2905,338,200,55,15,309,103,1634,0,0,0,0,0,50,98,299,121,405,864,726,2373,69,568,37,38,40,2,365,45,0,0,0,0,0,0,0
26-04-2025 00:00,254,7574.5,561,4048.332971,6309,3037,287,40,120,290,1161,640,597,0,0,0,0,0,15,80,309,143,15,247,602,3316,55,672,0,55,21,0,303,8,0,0,0,0,0,0,0
27-04-2025 00:00,1715,7931,1366,7409,12848,5009,270,140,165,499,1868,1145,1685,0,0,0,0,0,125,79,357,224,1420,1211,1982,3754,511,709,10,108,0,0,815,115,0,0,0,0,0,0,0
28-04-2025 00:00,0,0.5,0,1.221980676,0,0,0,0,0,0,0,0,0,0,0,0,0,0,0,0,0,0,0,0,0,0,0,0,0,0,0,0,0,0,0,0,0,0,0,0,0
29-04-2025 00:00,23,3865,1986.332971,2421.778019,2314.332971,697.332971,25,25,85,20,180,210,200,0,0,0,0,0,0,0,0,0,15,15,277,257,260,80,20,17,150,0,51,0,0,0,0,0,0,0,0
30-04-2025 00:00,1681,10318,1157,7007.554952,11075,5655,441,481,282,632,1662,1017,2176,0,0,0,0,0,55,187,610,240,335,2444,1010,5019,92,953,6,81,30,31,1540,60,0,0,0,0,58,0,0
01-05-2025 00:00,531,9076.75,1069,6000.11099,8734,3797,522,300,315,509,2488,1097,2665,0,0,0,0,0,28,121,430,234,239,569,1386.5,3899,227,745,35,137,54,10,869,70,0,0,10,0,0,0,0
02-05-2025 00:00,213,4345.25,424,3845.332971,7233.166033,2368,130,60,212,393,1309,714,1134,5,0,0,0,0,15,15,155,80,20,2101,1599.583,3735.25,370.583,803.583,10,73,124,0,750,90,10,31,0,0,0,0,0
03-05-2025 00:00,1251.5,18027.25,1775.5,13244.43901,21606.75399,8190,791,484.9160326,893,1509,5628,3399,12016,0,0,0,0,0,105,458,1123,633,795,180.4,311.75,2695.13,209.33,1365.33,2.92,59.58,105,0,601.33,125.42,0,0,0,0,50,0,0
04-05-2025 00:00,935,12920,2006.25,10433.11099,17659.16703,7360,454,145.582971,241,736,3692,1919,2191,0,0,0,0,0,500,503,1871,1081,1119,307,531,3132.625,72,1035.583,0,23,60,5,1144.083,144,0,0,0,0,0,0,0
05-05-2025 00:00,0,0,0,0,0,0,0,0,0,0,0,0,0,0,0,0,0,0,0,0,0,0,0,0,0,0,0,0,0,0,0,0,0,0,0,0,0,0,0,0,0
06-05-2025 00:00,913,3545,334,1486,1498,567.332971,5,120,337,110,525,360,450,0,0,0,0,0,0,15,70,51,5,220,231,979,110,151,2,0,240,0,36,10,0,0,0,0,0,0,0
07-05-2025 00:00,2018,24629,2558,16933,25394,9705,769,338,494,1383,4460,2039,2065,0,0,0,0,0,195,375,1350,782,1013,732,616,4924,78,929,2,39,105,25,1036,105,0,0,0,0,1,0,0
08-05-2025 00:00,710,15395,1374,9378.780012,17765.501,5541,464,290,300,424,1950,1170,456,0,0,0,0,0,165,208,1315,415,1195,1440,801,2517,61,657,3,18,240,20,1016,75,0,0,0,0,0,0,0
09-05-2025 00:00,214,12536.5,2303.5,9365.439976,9692,3469,278,495,157,295,1716,881,327,0,0,0,0,0,57,274,664,212,106,1082,944.167,2105.327,320,722.577,0,22,49,75,740,161,0,0,0,0,0,0,0
10-05-2025 00:00,421,8871.5,799,5543.887983,9345,4185,255,100,281,770,2746,883,694,0,0,0,0,0,62,187,581,316,349,569,1002,2104.333,46,714,5,5,0,0,629,270,0,0,0,0,0,0,0
11-05-2025 00:00,181,13667,1826,8422,14209,5810,165,283,485,834,2542,1343,1160,0,0,0,0,0,30,211,1002,534,775,1862,494,4361,80,1040,5,45,11,118,1351,133,0,0,0,0,0,0,0
12-05-2025 00:00,0,0,0,0,0,0,0,0,0,0,0,0,0,0,0,0,0,0,0,0,0,0,0,0,0,0,0,0,0,0,0,0,0,0,0,0,0,0,0,0,0
13-05-2025 00:00,55,1632,140,611,1181,323,0,410,180,132,445,101,55,0,0,0,0,0,0,5,5,5,0,1475,297,111,1,56,15,15,4,20,94,5,0,0,0,0,0,0,0
14-05-2025 00:00,451,18077,2120,14769,19648,9100,760,279,704,986,4469,2676,2513,0,0,0,0,0,40,233,508,334,70,1528,1060,5303,155,1070,100,20,0,10,2063,110,0,0,0,0,30,0,0
15-05-2025 00:00,615,17193.25,1787,10490,16757,6518,306,30,501,1036,3515,2016,1046,0,0,0,0,0,250,592,1446,531,1150,1765,658,4717.833,104,1502,5,61,0,5,1068,58,0,0,0,0,0,0,0
16-05-2025 00:00,388,29251,3165,17948.55598,28339,10970,648,240,137,500,1571,1013,1975,0,0,0,0,0,102,139,533,470,530,3623,742,9012,15,1833,0,122,40,0,1830,227,0,0,0,0,50,5,5
17-05-2025 00:00,819,12985.75,1249.25,7113.444022,14869.91594,5161,420,51.41603261,217,405,1644,742,335,0,0,0,0,0,33,118,377,114,51,1213.2,618.917,3454.875,332.583,605.458,7.667,53.958,580,26,1414.667,210.25,0,0,0,0,0,0,0
18-05-2025 00:00,878.5,15844.5,1698,9222.221981,15500,5645,139,355.082971,220,530,1916,978,705,0,0,0,0,0,115,223,838,382,0,334.8,438,2680.25,155.083,747.875,0,168,40,10,1351.583,159,0,0,0,0,0,0,0
19-05-2025 00:00,0,0,0,0,0,0,0,0,0,0,0,0,0,0,0,0,0,0,0,0,0,0,0,0,0,0,0,0,0,0,0,0,0,0,0,0,0,0,0,0,0
20-05-2025 00:00,83,3739,136,412,2595.667029,80,10,3,40,45,100,90,0,0,0,0,0,0,2,0,0,0,93,11,445,1091.166,160,9.166,0,7,96,0,330.166,10,0,0,0,0,0,0,0
21-05-2025 00:00,867,16128,1471,10349.441,15428.32998,5529,324,44,300,740,2722,1078,150,0,0,0,0,0,55,132,539,140,191,1097,1224,6197.215,93,1022,9,121,255,87,3160,226,0,0,0,0,0,0,0
22-05-2025 00:00,1253,9308,889,7889.560024,11561,3857,272,130,292,462,1269,1288,90,0,0,0,0,0,40,95,390,174,123,2253,1745.894667,10050.80867,151,1653,0,180,64,105,2267,245,0,0,0,0,10,0,0
23-05-2025 00:00,0,15,0,70,50,32,0,0,0,0,0,0,0,0,0,0,0,0,0,0,0,0,0,0,0,0,0,0,0,15,0,0,0,0,0,0,0,0,0,0,0
24-05-2025 00:00,301,9559,1436,9415,12437,5588,515,51,417,385,1379,975,219,0,0,5,7,0,56,165,820,408,380,2434,1385.292667,4787.878,569,1001.17,157,44,50,11,1634.5,230,0,0,0,0,0,0,0
25-05-2025 00:00,202,12238,2660,8335,10243.33297,4106,293,200,460,870,1845,1106,352,0,0,0,0,0,91,130,310,195,0,365,456.9993333,3466.625,61.666,281,0,29,20,15,2488,160,0,0,0,0,0,0,0
26-05-2025 00:00,0,0,0,0,0,0,0,0,0,0,0,0,0,0,0,0,0,0,0,0,0,0,0,0,0,0,0,0,0,0,0,0,0,0,0,0,0,0,0,0,0
27-05-2025 00:00,304,1851,152,742.332971,841,407,78,0,130,100,188,120,100,0,0,0,0,0,0,20,70,0,0,8,55.166,71.45833333,5.166,0,30,0,354,20,3,0,0,0,0,0,0,0,0
28-05-2025 00:00,727,11689,1577,9543,13641.25,5427,524,72,230,743,2580,1674,2341,0,0,0,0,0,102,193,550,475,160,924,719.0833333,4608.833333,50,1160,10,59,156,10,2441,414,0,0,0,0,0,0,0
29-05-2025 00:00,278,10025,1300,7405.332971,8642,2877,473,0,225,528,1312,683,265,0,0,0,0,0,50,165,340,171,0,858,511.6666667,5739.541667,76,822,0,91,120,5,1968,108,0,0,0,0,0,0,0
30-05-2025 00:00,10,4639.75,435.5,3397.444022,6165.912953,1801.659964,239,0,130,346,1353,706,64,0,0,0,0,0,23,53,324,245,0,839,1331.916,4198.708,513.833,808.375,5,13,97,25,1935,61,0,0,0,0,0,50,0
31-05-2025 00:00,898,17085.75,1450.25,11952.65797,14023,7512,226,50.58297101,727,1757,2787,2255,2740,0,0,0,0,0,190,397,800,674,145,147.8,327.67,3664.001667,82,1021,5.83,25.38,3,24,1273.42,135,0,0,0,0,0,0,0
01-06-2025 00:00,702,14157,1579,8539.332971,14137,4000,297,20,782,1105,3287,1438,786,0,0,0,0,0,207,429,961,618,663,2989,492,3826,35,1847,3,84,0,20,1939,193,0,0,0,0,0,0,0
02-06-2025 00:00,0,0,0,0,0,0,0,0,0,0,0,0,0,0,0,0,0,0,0,0,0,0,0,0,0,0,0,0,0,0,0,0,0,0,0,0,0,0,0,0,0
03-06-2025 00:00,675,4781,224,974.1109903,4969.166033,317,5,4,310,80,150,162,0,0,0,0,0,0,0,0,20,5,0,35,351,145.5,486,43,98,40,360,0,190,5,0,0,0,0,0,0,0
04-06-2025 00:00,833,20491.5,2391,11536.88798,19065,7872,600,207,849,1100,3326,2330,1180,0,0,0,0,0,188,460,1506,912,300,1567,475.167,3384.333,52,1602,3,204,5,25,2760,201,0,0,0,0,25,0,0
05-06-2025 00:00,1228,19242.5,2026,10460.11002,17717.32998,5415,831,18,699,1487,3238,1956,595,0,0,0,0,0,239,327,1459,675,262,440,1352,5002,177,1392,268,106,77,10,1317,90,0,0,0,0,0,0,0
06-06-2025 00:00,409,21303,2158,10081.77802,17483,5518,174,130,817,815,2506,1790,285,0,0,0,0,0,182,391,643,405,60,369,397,2406,97,965,36,82,3,65,1089,65,0,0,0,0,0,0,0
07-06-2025 00:00,0,50,10,48,200,200,10,0,0,0,0,0,0,0,0,0,0,0,0,0,0,0,0,0,0,20,0,0,0,0,0,0,0,0,0,0,0,0,0,0,0
08-06-2025 00:00,2777,28774,3998,14697.33297,22738.16603,8655,475,201,462,1550,5999,2868,4952,0,0,0,0,0,215,558,1561,940,170,1276,1158,3861,560,1293,12,92,5,65,1094,100,0,0,0,0,0,0,0
09-06-2025 00:00,0,20,0,20,5,0,0,0,0,0,0,0,0,0,0,0,0,0,0,0,0,0,0,0,0,0,0,0,0,0,0,0,0,0,0,0,0,0,0,0,0
10-06-2025 00:00,132,4088.75,866.5,1458,4573.082971,1354,10,0,131,285,490,296,210,0,0,0,0,0,53,68,230,131,0,186.8,117.167,498.167,70.5,310.417,1,61,10,0,91.083,30,0,0,0,0,0,0,0
11-06-2025 00:00,1004,25024,3784,70,23724.83297,8504,516,280,1345,15,7043,4112,2000,0,0,0,0,0,160,15,1160,461,671,690,669,3098,113,1087,92,65,210,7,1157,150,0,0,0,0,0,0,0
12-06-2025 00:00,460,15070,2056,127.7769928,15445,5258,21,50,909,0,3820,2129,1845,0,0,0,0,0,151,0,804,413,220,325,118,2082,15,1164,21,16,0,0,699,75,0,0,0,0,70,0,0
13-06-2025 00:00,626,16019,3172,131,11965.66703,4970,154,50,688,58,3325,1445,915,0,0,0,0,0,100,37,820,465,725,403,428.5,2081,42,1031,7,16,178,200,692,60,0,0,0,0,0,0,0
14-06-2025 00:00,410,10378.75,2043,721.332971,9777.673007,3845,128,301,509,100,2016,816,40,0,0,0,0,0,81,24,645,435,95,50,386.25,1760,30,577.25,0,4,107,0,457.166,55,0,0,0,0,0,0,0
15-06-2025 00:00,273.5,16046.75,2726.25,12510.67198,18418.25598,4490,247,27,625,2187,3218,1469,720,0,0,0,0,0,420,283,1533,716,510,127.4,412.75,2064.749,173,1078.292,11.083,96,4,200,283.667,35,0,0,0,0,0,0,0
16-06-2025 00:00,0,0,0,0,0,0,0,0,0,0,0,0,0,0,0,0,0,0,0,0,0,0,0,0,0,0,0,0,0,0,0,0,0,0,0,0,0,0,0,0,0
17-06-2025 00:00,242.5,3834.25,378,2194.441002,1589.5,704,0,0.332971014,185,354,542,158,30,0,0,0,0,0,0,0,25,29,0,10,239,281.333,86,374.292,6,10,160,0,269.166,10,0,0,0,0,0,0,0
18-06-2025 00:00,912,24302,3756,20880.88998,23080.34004,8003,273,91,1102,2639,5634,3023,2092,0,0,14,20,0,262,421,1145,553,970,249,213,2297.167,97,1067.417,54.08333333,162.082,285,10,666,15,0,0,0,15,0,0,0
19-06-2025 00:00,443,14808,2318,13414,14641.999,4110,178,510,972,1774,3471,1943,2575,0,1,1,3,1,402,514,1166,474,630,140,1161,2199.666,421,998,16.41666667,87.58333333,0,0,878,263,0,0,0,0,0,0,0
20-06-2025 00:00,240,10881,1762,8728.439976,9256.079982,4129.167029,150,280,1340,1372,2267,1184,400,0,0,0,0,0,150,300,1148,499,200,182,190,1451.583,15,859.25,10,23.66666667,0,40,432.5,114,0,0,0,0,0,0,0
21-06-2025 00:00,377,14527,2431,10378.11002,12264,4572,135,14,952,1357,1980,904,738,0,0,0,0,0,100,144,722,321,21,577,216,900.083,25,334.083,0,20.58333333,80,0,386,50,0,0,0,0,0,0,0
22-06-2025 00:00,496,17232.5,2796,13366.77693,16164.58297,5225,220,6,1500,2171,5664,2453,1827,0,0,0,0,0,40,75,268,185,105,70,130,2678.583,56,1803.833,0,5.416666667,204,15,611,60,0,0,0,0,0,0,0
23-06-2025 00:00,0,0,0,0,0,0,0,0,0,0,0,0,0,0,0,0,0,0,0,0,0,0,0,0,0,0,0,0,0,0,0,0,0,0,0,0,0,0,0,0,0
24-06-2025 00:00,6,5480,619,3135.889976,6028,2006,60,13,425,435,770,555,64,0,0,0,0,0,259,173,471,185,280,30,155,850.17,8,160,0,0,100,0,51,0,0,0,0,0,0,0,0
25-06-2025 00:00,0,0,0,0,0,0,0,0,0,0,0,0,0,0,0,0,0,0,0,0,0,0,0,0,0,0,0,0,0,0,0,0,0,0,0,0,0,0,0,0,0
26-06-2025 00:00,576,15551,2643,13149.66999,15930.33297,7344,411,145,1617,2261,6067,3234,858,0,0,0,0,0,140,455,1150,364,130,257,341,2745,154,1883,26.66666667,17.08333333,0,230,1295,434,0,0,0,0,0,0,0
27-06-2025 00:00,356,13891,2027,11503.71999,17396.41105,4981,181,95,528,1375,2358,869,521,0,0,0,0,0,402,783,1914,758,573,190,68,2064.333,17,968,31.41666667,11.43333333,10,0,817,15,0,0,0,0,0,0,0
28-06-2025 00:00,192,5972,795,4066.223007,5353.5,1899,255,0,715,1089,2202,863,135,0,0,0,0,0,55,110,510,245,202,88,140,1034,4,405,0,6.083333333,36,15,617,40,0,0,0,0,0,0,0
29-06-2025 00:00,148,6666.75,683.75,4150.396981,9653.009149,2872.042029,180,61.75,275,716,1330,866,975,0,5,5,5,0,50,349,616,475,353,86.2,61.71333333,1262.67,88.663,359.958,0.25,0.29,370,0,417.996,25.38,0,0,0,0,0,0,0
30-06-2025 00:00,0,0,0,0,0,0,0,0,0,0,0,0,0,0,0,0,0,0,0,0,0,0,0,0,0,0,0,0,0,0,0,0,0,0,0,0,0,0,0,0,0
01-07-2025 00:00,10,1242.5,305.75,605.5550121,1366.331975,357,0,5,15,0,90,20,0,0,0,0,0,0,3,45,170,160,0,440,37.167,163.125,134,40,0,0,15,0,9,0,0,0,0,0,0,0,0
02-07-2025 00:00,2398,11057.75,1649,8734.218961,12069.66304,3675.5,287,0,910,1634,3632,2261,1325,0,0,0,0,0,180,404,1242,505,900,149,158,1579.833,115,1220.083,0,4,139,0,809.666,85,0,0,0,0,20,0,0
03-07-2025 00:00,875,9555,1636.5,9348.444022,12416.75,4291,400,23,708,1110,2205,1250,265,0,0,0,0,0,155,300,1152,583,330,3573,179,3577.334,232,1140,0,0.916,60,0,1215,35,0,0,0,0,0,0,0
04-07-2025 00:00,171,7476.25,1194.8,5416.997947,14973.49611,3322,135,725,598,1195,2759,1258,300,0,0,0,0,0,121,205,672,497,214,1386,474.583,2698.541,63.833,1732.291,2,9.416666667,30,20,1307.416,67,0,0,0,0,0,0,0
05-07-2025 00:00,258,8091,2081,5281.221014,7460.335054,3355,502,10,512,840,1459,832,450,0,0,0,0,0,108,290,1151,548,137,185,156,2284,106,1037,0,0,16,195,1010,80,0,0,0,0,0,0,0
06-07-2025 00:00,1072,11791,2203.75,8991.217995,13864.41504,5063,479,105,1108,1345,3895,2063,180,0,0,0,0,0,162,235,817,486,320,716,232,1871.958,86,956,0,0,20,250,879,119,0,0,0,0,0,0,0
07-07-2025 00:00,0,0,0,0,0,0,0,0,0,0,0,0,0,0,0,0,0,0,0,0,0,0,0,0,0,0,0,0,0,0,0,0,0,0,0,0,0,0,0,0,0
08-07-2025 00:00,72,2873,700,1366.997947,3452.748007,1022,38,10,130,115,615,205,38,0,0,0,0,0,25,94,175,140,10,25,105,670,142,466,0,0,410,0,266,0,0,0,0,0,0,0,0
09-07-2025 00:00,196,15870.5,2635,12983.55501,19458,7122,441,595,995,1940,5675,2333,564,0,0,0,0,0,391,639,1930,1097,140,1105.4,827.249,5116.292,129.666,1715.5,0.417,0,76,3,1841.083,88.04208333,0,0,0,0,0,0,0
10-07-2025 00:00,392,8336.5,1333,6724.554952,10915.5,3825,509,67.66603261,622,1306,2466,1479,885,0,0,0,0,0,55,327,1165,665,87,975,575,2246.375,78,723,0,2,0,28,1160,20,0,0,0,0,0,0,0
11-07-2025 00:00,198,7919.5,1260,7112.329952,8967.337047,2959,70,35,189,791,1648,1110,350,0,0,0,0,0,102,315,693,400,80,1567,460,5137,213,1948.208,15,3,168,0,831,70,0,0,0,0,0,0,0
12-07-2025 00:00,1376,8547.5,1569.5,5627.219988,12254.33406,3534,183,110,327,934,2074,1244,660,0,0,0,0,0,90,185,497,425,131,1114,275,3393.5,2,1541.25,0,0,466,0,1261.5,140,0,0,0,0,0,0,0
13-07-2025 00:00,728.5,14538.75,2966.5,9639.329952,17552.33297,5084.542029,180,0,875,1650,4713,1863,61,0,0,0,0,0,305,337,1086,725,130,1573,990,4215,407,1328.41,0,0,382,0,1248,110,0,0,0,0,0,0,0
14-07-2025 00:00,0,0,0,0,0,0,0,0,0,0,0,0,0,0,0,0,0,0,0,0,0,0,0,0,0,0,0,0,0,0,0,0,0,0,0,0,0,0,0,0,0
15-07-2025 00:00,65,4415.5,794.5,3370,4337.161957,1099.666033,0,0,450,275,310,175,10,0,0,0,0,0,0,55,8,0,0,285,137,757.375,25,210.375,0,0,0,0,183,10,0,0,0,0,0,0,0
16-07-2025 00:00,412,11891.5,2826.666033,9860.776993,17235.74701,6056.665036,190,189,997,1018,4148,2068,1330,0,0,0,0,0,105,547,1371,669,166,4039,921,6565.243,15,2194.125,0,0,0,0,1373.16,25,0,0,0,0,10,0,0
17-07-2025 00:00,456,8640,2578.667029,6117,10195.00109,3860.667029,163,0,430,649,3071,1332,83,0,0,0,0,0,46,396,706,489,60,2169,848,5853,104,1221,26,0,44,0,1156,116,0,0,0,0,0,0,0
18-07-2025 00:00,165,5853,1039,3496,9104.667029,3968.5,275,130,470,965,1928,724,380,0,0,0,0,0,15,154,655,302,250,2811,1534.667,6147,40,924,0,10,30,10,1293,72,0,0,0,0,0,0,0
19-07-2025 00:00,150,925,100,314,819.3299819,219,0,0,25,38,225,226,1,0,0,0,0,0,0,50,50,40,0,630,743,957,305,122,0,11,360,0,221,5,0,0,0,0,0,0,0
20-07-2025 00:00,0,496,120,255,505,131,0,0,80,83,297,120,0,0,0,0,0,0,0,0,0,0,0,105,219,176,10,30,0,0,0,0,4,0,0,0,0,0,0,0,0
21-07-2025 00:00,0,0,0,0,0,0,0,0,0,0,0,0,0,0,0,0,0,0,0,0,0,0,0,0,0,0,0,0,0,0,0,0,0,0,0,0,0,0,0,0,0
22-07-2025 00:00,0,0,0,0,0,0,0,0,0,0,0,0,0,0,0,0,0,0,0,0,0,0,0,0,0,0,0,0,0,0,0,0,0,0,0,0,0,0,0,0,0
23-07-2025 00:00,0,0,0,0,0,0,0,0,0,0,0,0,0,0,0,0,0,0,0,0,0,0,0,0,0,0,0,0,0,0,0,0,0,0,0,0,0,0,0,0,0
24-07-2025 00:00,0,0,0,0,0,0,0,0,0,0,0,0,0,0,0,0,0,0,0,0,0,0,0,0,0,0,0,0,0,0,0,0,0,0,0,0,0,0,0,0,0
25-07-2025 00:00,10,1456,350,1365,1905,980,85,0,220,290,849,315,250,0,0,0,0,0,135,137,430,325,90,655,165,2721,0,515,0,5,20,0,192,10,0,0,0,0,0,0,0
26-07-2025 00:00,871,4237,836,3925,6317,2162,65,15,220,841,2564,1021,3875,0,0,0,0,0,155,329,718,390,179,1671,1334,5019,75,703,0,12,243,200,881,60,0,0,0,0,0,0,0
27-07-2025 00:00,358,8558.5,1347,8326.667029,11312,4337,314,185,355,1588,3577,2379,2504,0,0,0,0,0,57,165,628,494,665,1940,1637.667,6103.5,161.167,1261.708,0,1,423,5,1223.917,117,0,0,0,0,0,0,0
28-07-2025 00:00,0,0,0,0,0,0,0,0,0,0,0,0,0,0,0,0,0,0,0,0,0,0,0,0,0,0,0,0,0,0,0,0,0,0,0,0,0,0,0,0,0
29-07-2025 00:00,158,1340,76,487,565,152,20,5,6,74,70,20,0,0,0,0,0,0,0,0,0,0,0,481,54,66,258,166,15,6,40,0,15,0,0,0,0,0,0,0,0
30-07-2025 00:00,698,11347,2241.5,9429.439976,15174,5645,1021,105,679,1408,3529,1999,479,0,0,0,0,0,75,340,594,378,172,1888,1483,6795.083,82,1300.083,0,39.08333333,135,10,1220.333,97,0,0,0,0,0,0,0
31-07-2025 00:00,0,0,0,0,0,0,0,0,0,0,0,0,0,0,0,0,0,0,0,0,0,0,0,0,0,0,0,0,0,0,0,0,0,0,0,0,0,0,0,0,0
01-08-2025 00:00,870,10986,1270,6472,11633.66594,2089,87,100,275,839,1888,601,180,0,0,0,0,0,5,189,370,245,180,3075,3269,13188,838,2133,225,35,106,22,2517,163,0,0,0,0,48,0,0
02-08-2025 00:00,0,100,20,50.88798309,100,0,0,0,0,28,70,30,0,0,0,0,0,0,0,10,13,0,0,4517.8,2360.417,11744.54,47,1727.457,0.75,24.04,85,0,2044.917,125.2079167,0,0,0,0,0,0,0
03-08-2025 00:00,692,17387.5,2584.5,10030.66703,15155.58297,7213,427,75.25,450,707,2436,1382,4484,0,0,0,0,0,120,515,613,632,111,801,634.333,1359.75,233,192.917,21,0.292,390,0,220.25,0,0,0,0,0,0,0,0
04-08-2025 00:00,0,0,0,0,0,0,0,0,0,0,0,0,0,0,0,0,0,0,0,0,0,0,0,0,0,0,0,0,0,0,0,0,0,0,0,0,0,0,0,0,0
05-08-2025 00:00,528.5,8202.75,2184,2558.11099,7453,4250,80,120,284,458,1398,606,3778,0,0,0,0,0,57,125,206,24,71,50,859,1146,100,241,0,1,100,0,110,0,0,0,0,0,0,0,0
06-08-2025 00:00,1505,12541,1943,8837.45,13035,6710,708,120,850,1529,3866,2418,3057,0,0,0,0,0,177,497,1358,832,129,4040,3030,10567,127,1756,2,20,35,150,1815,196,0,0,0,0,0,60,0
07-08-2025 00:00,395,7577,1510,5196,11988,2587,747,35,1018,1328,3223,1634,1092,0,0,0,0,0,241,395,1331,984,125,3157,1571,8695,108,698,15,39,30,5,1319,40,0,0,0,0,0,0,0
08-08-2025 00:00,1865,5858,910,4524,5750.579982,2168,451,220,365,763,1223,674,1310,0,0,0,0,0,24,72,384,214,110,1551,957,7752,305,1491,0,40,95,30,977,50,0,0,0,0,0,0,0
09-08-2025 00:00,227,5867,915,3461,6135,2657,160,2,350,570,1103,740,297,0,0,0,0,0,95,160,722,370,10,1853,1545,3462,601,868,52,76,145,0,641,30,0,0,0,0,0,0,0
10-08-2025 00:00,148,6843,1052,5638,8438,2777,224,100,683,1087,2263,1163,1128,0,0,0,0,0,109,318,778,441,286,1382,512,4667,15,800,6,108,15,100,537,55,0,0,0,0,0,0,0
11-08-2025 00:00,0,0,0,0,0,0,0,0,0,0,0,0,0,0,0,0,0,0,0,0,0,0,0,0,0,0,0,0,0,0,0,0,0,0,0,0,0,0,0,0,0
12-08-2025 00:00,120,1018,160,366,632,212,0,11,100,45,85,39,0,0,0,0,0,0,3,0,14,0,0,0,6,99,81,13,3,26,6,0,33,5,0,0,0,0,0,0,0
13-08-2025 00:00,244,10448,1623,5805.778019,8378.083967,3375,349,151,835,1564,2605,1707,706,0,0,0,0,0,149,518,1307,433,275,1803,916.25,3406,63,586,6,87,196,32,828,50,0,0,0,0,0,0,0
14-08-2025 00:00,296,5592,897,3839,5610,2135,70,16,235,464,1430,881,92,0,0,0,0,0,150,449,1214,594,120,756,806,2461,205,393,83,115,30,3,650,10,0,0,0,0,0,0,0
15-08-2025 00:00,165,4931,925,3441,4967,2087,352,5,187,510,1621,769,90,0,0,0,0,0,70,173,530,212,40,1186,616,3112,160,733,5,73,6,0,587,50,0,0,0,0,0,0,0
16-08-2025 00:00,399.5,3982.75,728.75,2757.88901,3529.25,1345,30,137,300,446,1053,539,671,0,0,0,0,0,35,126,414,220,21,887.2,567.167,4226.708,76,509.917,35.75,234.417,240,0,580.5,70.16708333,0,0,0,0,0,0,0
17-08-2025 00:00,190,4652,755,4060,5056,2014,159,295,358,741,1928,1357,200,0,0,0,0,0,57,133,616,310,363,1107,1093,4984,60,1072,17,283,0,0,1003,41,0,0,0,0,0,0,0
18-08-2025 00:00,0,0,0,0,0,0,0,0,0,0,0,0,0,0,0,0,0,0,0,0,0,0,0,0,0,0,0,0,0,0,0,0,0,0,0,0,0,0,0,0,0
19-08-2025 00:00,223,809,260,717.2099638,529,113,0,0,70,89,391,54,0,0,0,0,0,0,5,40,40,0,35,10,66,78,70,66,12,10,10,0,27,30,0,0,0,0,0,0,0
20-08-2025 00:00,310,5467,1025,5767,9876,3029,106,180,275,999,2228,1596,157,0,0,0,0,0,60,327,1074,596,6,673,727,3416,66,673,6,117,0,0,928,93,0,0,0,0,0,0,0
21-08-2025 00:00,65,4939.5,708,4789,7229,3384,223,186,213,660,1746,773,190,0,0,0,0,0,75,297,1101,776,20,826,1641,4082.167,46,857.167,16,56,78,120,686,35,0,0,0,0,0,0,0
22-08-2025 00:00,80,2389,448,1929,3003,1395,311,10,138,175,953,611,356,0,0,0,0,0,79,240,430,174,22,181,679,1389,13,443,7,32,75,5,334,35,0,0,0,0,0,0,0
23-08-2025 00:00,50,2867,293,2100,2613,1450,55,19,134,289,901,449,25,0,0,0,0,0,35,115,452,397,69,487,967,2214,258,742,5,35,250,5,445,5,0,0,0,0,0,0,0
24-08-2025 00:00,97,3302,605,2937,4290,1587,90,305,259,641,1108,1319,160,0,0,0,0,0,55,195,668,320,11,1005,971,1377,98,290,35,10,20,0,601,65,0,0,0,0,0,0,0
25-08-2025 00:00,0,0,0,0,0,0,0,0,0,0,0,0,0,0,0,0,0,0,0,0,0,0,0,0,0,10,0,0,0,0,0,0,0,0,0,0,0,0,0,0,0
26-08-2025 00:00,0,1020,48,354,444,300,0,0,20,35,201,156,75,0,0,0,0,0,23,20,13,5,97,295,1200,430,210,28,0,3,0,0,140,0,0,0,0,0,0,0,0
27-08-2025 00:00,126,4496,689,3596,5528,3656,239,35,321,931,2558,1578,65,0,0,0,0,0,32,118,678,574,75,754,205,3526,131,791,26,44,46,0,857,31,0,0,0,0,0,0,0
28-08-2025 00:00,167,3809,535,3388.880012,5958,2645,130,130,155,415,1091,1311,90,0,0,0,0,0,65,170,505,474,51,540,403,2689,211.166,765,14,37,28,160,760,19,0,0,0,0,150,0,0
29-08-2025 00:00,603,2501.75,299,2144,3845,1297,59,10,106,319,1261,596,551,0,0,0,0,0,65,210,368,391,23,480,199.25,1254,16,190,4,22,50,10,565,55,0,0,0,0,0,0,0
30-08-2025 00:00,97.5,2366.25,363.25,1338.421981,3163.417029,1908,64,5.667028986,13,185,736,604,40,0,0,0,0,0,24,18,224,145,15,14.6,291.117,401.129,34.617,129.545,11,20.5,120,6,116.917,10.25,0,0,0,0,0,0,0
31-08-2025 00:00,350,4591,574,4976,5816,2405,134,71,165,696,1253,889,45,0,0,0,0,0,78,208,749,485,0,240,47,1621,69,1019,0,29.375,140,0,403,18,0,0,0,0,0,0,0
01-09-2025 00:00,0,0,0,0,0,0,0,0,0,0,0,0,0,0,0,0,0,0,0,0,0,0,0,0,0,0,0,0,0,0,0,0,0,0,0,0,0,0,0,0,0
02-09-2025 00:00,50,1299.5,217.5,430,568,265,10,10,30,5,205,38,10,0,0,0,0,0,0,0,10,40,120,50,224.167,364.087,71,169.587,2,1,100,0,4.08,0,0,0,0,0,0,0,0
03-09-2025 00:00,1038,11321,1399,9894,12411,4843,310,380,443,757,2163,1392,316,0,0,0,0,0,88,335,870,645,135,516,1163,2831,130,989,162.1666667,56,180,25,1395,45,0,0,0,0,0,0,0
04-09-2025 00:00,923,10028,1056,6387.887983,9837,4236,120,14,192,623,1779,1388,81,0,0,0,0,0,65,420,933,505,40,231,941,2343.333,157,708,22.75,64.625,20,12,1031,45,0,0,0,0,0,0,0
05-09-2025 00:00,497,8442,1196,4531,6313,2895,386,51,85,265,911,1026,60,0,0,0,0,0,20,98,405,322,25,565,1088,2041,138,208,66,74.16666667,445,0,395,42,0,0,0,0,0,0,0
06-09-2025 00:00,174,5303,338,3431,4477,2077,161,30,140,322,777,759,356,0,0,0,0,0,72,199,417,296,0,1217,753,2211,169,992,21.66666667,70.875,0,70,562,105,0,0,0,0,0,0,0
07-09-2025 00:00,243,8160,896,4417,6702.832971,2397,165,119,278,500,1186,825,1010,0,0,0,0,0,100,160,454,280,144,1105,618.4166667,3127.5,113,768,8,109,15,15,749,50,0,0,0,0,0,0,0
08-09-2025 00:00,0,0,0,0,0,0,0,0,0,0,0,0,0,0,0,0,0,0,0,0,0,0,0,0,0,0,0,0,0,0,0,0,0,0,0,0,0,0,0,0,0
09-09-2025 00:00,102,3654,414,1056.666002,1220.666033,703,45,178,5,24,605,325,685,0,0,0,0,0,0,0,20,0,0,0,136,694.125,454,65,0,4,220,0,79,20,0,0,0,0,0,0,0
10-09-2025 00:00,132,9632,1585,7424,10104,4365,308,130,345,745,2090,1538,282,0,0,0,0,0,170,267,784,526,245,296,531,3391.625,103,1093,30,129,100,2,728,71,0,0,0,0,20,0,0
11-09-2025 00:00,461,9287,1637,7745,11134,5576,463,5,540,898,2521,1781,435,0,0,0,0,0,130,272,935,461,55,405,979,2758.75,85,781,20,112,51,0,434,15,0,0,0,0,0,0,0
12-09-2025 00:00,77,8228.5,1307,6025,7508,2927,227,25,186,410,1743,935,458,0,0,0,0,0,159,357,856,366,219,35,534.0833333,1570.125,73,584,8,73,360,20,618,30,0,0,0,0,0,0,0
13-09-2025 00:00,100,6094,1008,4165.332971,6137.667029,3124,145,22.25,217,378,1306,1263,920,0,0,0,0,0,122,165,471,221,190,1005,471.083,1281.667,182.917,398.047,16.667,15.672,75,45,526.503,55.45791667,0,0,0,0,0,0,0
14-09-2025 00:00,1066,8784,1468,6941,10877,3874,140,340,285,400,1019,660,213,0,0,0,0,0,333,474,1871,1164,1263,1189,2943.25,6929.125,688,1453,178,122,108,45,1066,90,0,0,0,0,0,0,0
15-09-2025 00:00,0,0,0,0,0,0,0,0,0,0,0,0,0,0,0,0,0,0,0,0,0,0,0,0,0,0,0,0,0,0,0,0,0,0,0,0,0,0,0,0,0
16-09-2025 00:00,5,1197,51,185,693,217,0,0,274,50,130,185,0,0,0,0,0,0,5,5,30,30,0,55,910,718.875,334,206,6,30,50,0,173,0,0,0,0,0,0,0,0
17-09-2025 00:00,854,11706,2151,8282,14103,5097.875,395,95,740,1563,4125,2367,2090,0,0,0,0,0,83,348,1748,1015,417,823,1078,6688.833333,50,2003,32,261,45,179,1477,66,0,0,0,0,0,0,0
18-09-2025 00:00,135,10878.5,1409,6655,10179,5008,260,62,446,1100,3128,2013,1048,0,0,0,0,0,197,331,1116,921,320,1062,777.25,6026.046667,188,1646.33,3,90,687,16,1029,68,0,0,0,0,17,0,0
19-09-2025 00:00,319,9150,1734,6443,8946,3559,132,70,496,1059,3165,1643,365,0,0,0,0,0,164,211,937,744,110,700,521.3333333,4839.291667,64,1583,16,88,207,70,918,85,0,0,0,0,0,0,0
20-09-2025 00:00,867,7417,948,4123,7778,2588,137,20,311,667,2417,1575,1157,0,0,0,0,0,85,220,958,705,190,725,641.0833333,3485.833333,89,1311,7,50,35,0,538,62,0,0,0,0,2,0,0
21-09-2025 00:00,2028,16638,2171,6102,13760,6260,297,52,851,1224,5146,3616,1389,0,0,0,0,0,224,506,1372,909,438,998,929.25,5640.546667,308,2059.38,96,85,198,61,1656,50,0,0,0,0,10,0,0
22-09-2025 00:00,0,0,0,0,0,0,0,0,0,0,0,0,0,0,0,0,0,0,0,0,0,0,0,0,0,0,0,0,0,0,0,0,0,0,0,0,0,0,0,0,0
23-09-2025 00:00,485,2575.75,444,140,1805,701,7,190,171,115,483,180,30,0,0,0,0,0,25,27,213,107,0,7,1219.25,416.792,485,224.167,5,10,217,0,54,0,0,0,0,0,0,0,0
24-09-2025 00:00,308,15577,3012,2246.120048,16384.33596,5068.332971,465,140,901,704,4276,2365,1077,0,0,0,0,0,164,236,1303,609,514,716,488.9166667,6455.291667,43,2394,19,116,0,10,1361,40,0,0,0,0,30,0,0
25-09-2025 00:00,775,5453,960,4500,5302,2153,188,135,334,866,2235,877,780,0,0,0,0,0,42,139,603,295,220,723,436,3426.541667,50,551,5,128,20,20,520,41,0,0,0,0,0,0,0
26-09-2025 00:00,0,457.25,54.1,1017.4,673,243.082971,10,0,10,241,260,155,50,0,0,0,0,0,0,0,0,0,0,114,206.16,1308.15,30.4,233.3,0,50,0,0,135.2,27,0,0,0,0,0,0,0
27-09-2025 00:00,0,0,0,0,0,0,0,0,0,0,0,0,0,0,0,0,0,0,0,0,0,0,0,0,0,0,0,0,0,0,0,0,0,0,0,0,0,0,0,0,0
28-09-2025 00:00,0,0,0,0,0,0,0,0,0,0,0,0,0,0,0,0,0,0,0,0,0,0,0,0,0,0,0,0,0,0,0,0,0,0,0,0,0,0,0,0,0
29-09-2025 00:00,0,0,0,0,0,0,0,0,0,0,0,0,0,0,0,0,0,0,0,0,0,0,0,0,0,0,0,0,0,0,0,0,0,0,0,0,0,0,0,0,0
30-09-2025 00:00,0,0,0,0,0,0,0,0,0,0,0,0,0,0,0,0,0,0,0,0,0,0,0,0,0,0,0,0,0,0,0,0,0,0,0,0,0,0,0,0,0
01-10-2025 00:00,370,4667,831,4628,4788,2463,385,55,95,185,630,372,0,0,0,0,0,0,50,307,775,475,234,700,70,3881,0,1190,0,0,12,0,708,11,0,0,0,0,0,0,0
02-10-2025 00:00,215,6124,1096,4912,5734,2735,274,110,335,870,2331,1245,455,0,0,0,0,0,116,535,960,541,115,1531,105,4813.875,15,1521,0,42.29166667,0,0,861,45,0,0,0,0,0,0,0
03-10-2025 00:00,960,5562,1057,6212,5859,2740,231,150,370,970,2528,1267,749,0,0,0,0,0,156,405,759,614,195,928,604,4835.375,98,1396,0,9,65,5,951,153,0,0,0,0,0,0,0
04-10-2025 00:00,423.5,5700.5,972.5,5541.109964,5557.25,1900,182,346.5,237,1055,2055,1033,2030,0,0,0,0,0,97,527,880,592,120,403,604.417,4577.458,289.25,1207.542,6.5,6.5,20,65,992.333,85.20791667,0,0,0,0,15,0,0
05-10-2025 00:00,99,9994,1737,8372,8687,3326,245,126,855,1764,3341,2615,673,0,0,0,0,0,82,225,509,341,120,1248,982,6287,63,1400,1,5,21,222,1223,97,0,0,0,0,0,0,0
06-10-2025 00:00,0,0,0,0,0,0,0,0,0,0,0,0,0,0,0,0,0,0,0,0,0,0,0,0,0,0,0,0,0,0,0,0,0,0,0,0,0,0,0,0,0
07-10-2025 00:00,201,2584.5,204,1103.219988,1063.079982,513,10,30.67001812,211,330,309,190,0,0,0,0,0,0,20,30,226,89,25,69.4,369,272.13,143,256.66,2,1.46,238,0,73.5,0,0,0,0,0,0,0,0
08-10-2025 00:00,290,10717.25,1886,8778,14251.65996,4971,512,160,365,1215,4290,2213,1582,0,0,0,0,0,136,511,1434,735,65,2103,1675.827,8819.417,29,1607.417,0,62,200,0,1675,187,0,0,0,0,10,0,0
09-10-2025 00:00,128,5997,916,5537,6860.416033,3291,485,159,467,952,2360,1520,797,0,0,0,0,0,66,310,652,422,88,1189,555,4087,8,795,0,17,315,5,1121,60,0,0,0,0,0,0,0
10-10-2025 00:00,826,5828,859,4001,5009,2124,114,338,210,629,1091,778,1622,0,0,0,0,0,48,266,771,511,302,237,417.4166667,4334.166667,100,481,5,13,20,55,364,53,0,0,0,0,0,0,0
11-10-2025 00:00,424,9233,1150,5060,7131,2477,63,24,25,160,565,244,170,0,0,0,0,0,10,45,120,81,0,507,975.5,2816,141,358,11,1,10,5,705,35,0,0,0,0,0,0,0
12-10-2025 00:00,140,8526,1511,5854,7112.5,2532,173,90,236,850,2330,1206,735,0,0,0,0,0,74,235,728,363,265,1044,822,4135.5,124,872,5,125,252,42,1367,82,0,0,0,0,0,0,0
13-10-2025 00:00,0,0,0,0,0,0,0,0,0,0,0,0,0,0,0,0,0,0,0,0,0,0,0,0,0,0,0,0,0,0,0,0,0,0,0,0,0,0,0,0,0
14-10-2025 00:00,15.5,3661,312,872.4440217,958.5,236,10,21,127,98,99,41,5,0,0,0,0,0,0,0,10,10,0,29.4,324,269.542,127.583,80.167,10.583,12.708,0,0,82.083,0.167083333,0,0,0,0,0,0,0
15-10-2025 00:00,1090,8727,1613,6870,8652,4169,221,25,385,547,2636,1416,391,0,0,0,0,0,28,197,780,464,610,852,1165.083333,7324,110,1110,1,156,145,35,1043,30,0,0,0,0,0,0,0
16-10-2025 00:00,340.5,4625.25,821,2549,4080,2214,342,5.670018116,182,280,1091,514,138,0,0,0,0,0,65,166,654,360,506,677,634,4766.92,29,845.29,0,97,91,120,1198.17,54,0,0,0,0,10,0,0
17-10-2025 00:00,78,4367.75,819,3121,5216,1804,222,30,175,185,904,558,35,0,0,0,0,0,30,229,893,382,293,757,998.75,5457.125,60,1373,11,75,130,105,829,94,0,0,0,0,0,0,0
18-10-2025 00:00,434,6387,991,4514,6352,2852,370,239,221,704,2062,1305,3260,0,0,0,0,0,24,207,577,299,16,1382,731.6666667,5481.5,33,804,13,80,140,23,811,37,0,0,0,0,60,0,0
19-10-2025 00:00,795,7699,1130,8627,7667,2362,211,106,417,1642,2572,1317,1030,0,0,0,0,0,71,159,708,220,43,1030,504,7009.291667,40,1144,150,73,15,38,822,77,0,0,0,0,0,0,0
20-10-2025 00:00,0,0,0,0,0,0,0,0,0,0,0,0,0,0,0,0,0,0,0,0,0,0,0,0,0,0,0,0,0,0,0,0,0,0,0,0,0,0,0,0,0
21-10-2025 00:00,108,1583,153,665,686,184,7,0,30,100,185,50,0,0,0,0,0,0,0,10,10,0,80,0,498,660,98,242,7,0,133,0,50,0,0,0,0,0,0,0,0
22-10-2025 00:00,249,6184,1185,5982,8816.829982,4241,674,220,278,1380,4395,2380,1324,0,0,0,0,0,125,378,1768,848,272,2041,1474.333333,7209.041667,109,793,4,107,365,40,1200,73,0,0,0,0,0,0,0
23-10-2025 00:00,410,5065,900,4226,5584,2326,180,110,225,703,1729,985,385,0,0,0,0,0,57,189,455,400,99,2937,1533,10994.95833,132,1416,80,162,283,135,766,78,0,0,0,0,5,0,0
24-10-2025 00:00,20,1032,60,1090,6590,1390,0,0,410,270,1442,1060,600,0,0,0,0,0,0,100,300,100,400,1560,310,4150,0,120,0,0,0,0,380,0,0,0,0,0,0,0,0
25-10-2025 00:00,155,7472,1562,5977,6705,2448,332,0,438,1212,3440,1396,5769,0,0,0,0,0,42,262,973,490,50,501,680.5,5388,165,584,0,54,155,200,603,40,0,0,0,25,0,0,0
26-10-2025 00:00,1390,10390,1432,8547,15068,5176,775,161,865,2372,7626,4130,4390,0,0,0,0,0,105,255,1410,839,145,1417,1415.25,8892.25,165,1330,14,31,675,65,648,47,0,0,0,440,0,0,0
27-10-2025 00:00,0,0,0,0,0,0,0,0,0,0,0,0,0,0,0,0,0,0,0,0,0,0,0,0,0,0,0,0,0,0,0,0,0,0,0,0,0,0,0,0,0
28-10-2025 00:00,0,0,0,0,0,0,0,0,0,0,0,0,0,0,0,0,0,0,0,0,0,0,0,0,0,0,0,0,0,0,0,0,0,0,0,0,0,0,0,0,0
29-10-2025 00:00,203,8615,1623,8522,10816,3810,274,30,540,1153,3959,2175,1079,0,0,0,0,0,134,541,1483,874,155,618,589.25,3137.416667,59,833,16,65,127,85,468,36,0,0,0,0,0,0,0
30-10-2025 00:00,438,5175.25,549,3472,5363,2454,150,5,276,627,1818,954,120,0,0,0,0,0,110,199,766,560,155,292,373.58,2834.875,86.33,531.67,12,41,195,235,438,10,0,0,0,0,0,0,0
31-10-2025 00:00,57,4373.75,534.5,2927.555978,6058.332971,2528,232,5.082971014,234,483,1988,1103,32,0,0,0,0,0,5,205,860,500,170,595.2,882.333,3504.542,263,706.583,4.333,20.958,221,66,673.167,37.29208333,0,0,0,0,50,0,0
01-11-2025 00:00,571,4352.5,911.25,4014.998007,5838,2335,277,27.82998188,145,405,1256,415,64,0,0,0,0,0,25,266,684,276,145,362.2,636.8333333,1743.628,84,933,190,56.458,80,20,545.667,54,0,0,0,0,0,0,0
02-11-2025 00:00,554,9360,1277,5738,8487,3669,316,476,541,722,2060,1352,2425,0,0,0,0,0,37,275,1146,495,748,252,2654.333333,2388.875,826,723,120,46,427,0,1087,100,0,0,0,0,10,0,0
03-11-2025 00:00,0,0,0,0,0,0,0,0,0,0,0,0,0,0,0,0,0,0,0,0,0,0,0,0,0,0,0,0,0,0,0,0,0,0,0,0,0,0,0,0,0
04-11-2025 00:00,15,1049.25,102,387,482,109,0,8,165,100,180,55,0,0,0,0,0,0,0,0,0,0,0,16,259.167,115.417,84,22.42,26,10,25,0,83,0,0,0,0,0,0,0,0
05-11-2025 00:00,1321,7468,1141,5046,6716,2897,463,30,435,797,2644,1667,381,0,0,0,0,0,18,245,952,445,232,752,807.1666667,4677.375,140,628,26,159,1004,41,1407,120,0,0,0,0,0,0,0
06-11-2025 00:00,230,5172,559,3696,15579.33007,2385,467,30,355,516,1350,470,645,0,0,0,0,0,115,262,737,276,240,558,641.75,2739.375,84,852,14,12,259,0,800.083,25,0,0,0,10,0,0,0
07-11-2025 00:00,0,0,0,0,0,0,0,0,0,0,0,0,0,0,0,0,0,0,0,0,0,0,0,0,0,0,0,0,0,0,0,0,0,0,0,0,0,0,0,0,0
08-11-2025 00:00,0,0,0,0,0,0,0,0,0,0,0,0,0,0,0,0,0,0,0,0,0,0,0,0,0,0,0,0,0,0,0,0,0,0,0,0,0,0,0,0,0
,,,,,,,,,,,,,,,,,,,,,,,,,,,,,,,,,,,,,,,,,
,,,,,,,,,,,,,,,,,,,,,,,,,,,,,,,,,,,,,,,,,
,,,,,,,,,,,,,,,,,,,,,,,,,,,,,,,,,,,,,,,,,
,,,,,,,,,,,,,,,,,,,,,,,,,,,,,,,,,,,,,,,,,
,,,,,,,,,,,,,,,,,,,,,,,,,,,,,,,,,,,,,,,,,
,,,,,,,,,,,,,,,,,,,,,,,,,,,,,,,,,,,,,,,,,
,,,,,,,,,,,,,,,,,,,,,,,,,,,,,,,,,,,,,,,,,
,,,,,,,,,,,,,,,,,,,,,,,,,,,,,,,,,,,,,,,,,
,,,,,,,,,,,,,,,,,,,,,,,,,,,,,,,,,,,,,,,,,
,,,,,,,,,,,,,,,,,,,,,,,,,,,,,,,,,,,,,,,,,
,,,,,,,,,,,,,,,,,,,,,,,,,,,,,,,,,,,,,,,,,
,,,,,,,,,,,,,,,,,,,,,,,,,,,,,,,,,,,,,,,,,
,,,,,,,,,,,,,,,,,,,,,,,,,,,,,,,,,,,,,,,,,
,,,,,,,,,,,,,,,,,,,,,,,,,,,,,,,,,,,,,,,,,
,,,,,,,,,,,,,,,,,,,,,,,,,,,,,,,,,,,,,,,,,
,,,,,,,,,,,,,,,,,,,,,,,,,,,,,,,,,,,,,,,,,
,,,,,,,,,,,,,,,,,,,,,,,,,,,,,,,,,,,,,,,,,
,,,,,,,,,,,,,,,,,,,,,,,,,,,,,,,,,,,,,,,,,
,,,,,,,,,,,,,,,,,,,,,,,,,,,,,,,,,,,,,,,,,
,,,,,,,,,,,,,,,,,,,,,,,,,,,,,,,,,,,,,,,,,
,,,,,,,,,,,,,,,,,,,,,,,,,,,,,,,,,,,,,,,,,
,,,,,,,,,,,,,,,,,,,,,,,,,,,,,,,,,,,,,,,,,
,,,,,,,,,,,,,,,,,,,,,,,,,,,,,,,,,,,,,,,,,
,,,,,,,,,,,,,,,,,,,,,,,,,,,,,,,,,,,,,,,,,
,,,,,,,,,,,,,,,,,,,,,,,,,,,,,,,,,,,,,,,,,
,,,,,,,,,,,,,,,,,,,,,,,,,,,,,,,,,,,,,,,,,
,,,,,,,,,,,,,,,,,,,,,,,,,,,,,,,,,,,,,,,,,
,,,,,,,,,,,,,,,,,,,,,,,,,,,,,,,,,,,,,,,,,
,,,,,,,,,,,,,,,,,,,,,,,,,,,,,,,,,,,,,,,,,
,,,,,,,,,,,,,,,,,,,,,,,,,,,,,,,,,,,,,,,,,
,,,,,,,,,,,,,,,,,,,,,,,,,,,,,,,,,,,,,,,,,
,,,,,,,,,,,,,,,,,,,,,,,,,,,,,,,,,,,,,,,,,
,,,,,,,,,,,,,,,,,,,,,,,,,,,,,,,,,,,,,,,,,
,,,,,,,,,,,,,,,,,,,,,,,,,,,,,,,,,,,,,,,,,
,,,,,,,,,,,,,,,,,,,,,,,,,,,,,,,,,,,,,,,,,
,,,,,,,,,,,,,,,,,,,,,,,,,,,,,,,,,,,,,,,,,
,,,,,,,,,,,,,,,,,,,,,,,,,,,,,,,,,,,,,,,,,
,,,,,,,,,,,,,,,,,,,,,,,,,,,,,,,,,,,,,,,,,
,,,,,,,,,,,,,,,,,,,,,,,,,,,,,,,,,,,,,,,,,
,,,,,,,,,,,,,,,,,,,,,,,,,,,,,,,,,,,,,,,,,
,,,,,,,,,,,,,,,,,,,,,,,,,,,,,,,,,,,,,,,,,
,,,,,,,,,,,,,,,,,,,,,,,,,,,,,,,,,,,,,,,,,
,,,,,,,,,,,,,,,,,,,,,,,,,,,,,,,,,,,,,,,,,
,,,,,,,,,,,,,,,,,,,,,,,,,,,,,,,,,,,,,,,,,
,,,,,,,,,,,,,,,,,,,,,,,,,,,,,,,,,,,,,,,,,
,,,,,,,,,,,,,,,,,,,,,,,,,,,,,,,,,,,,,,,,,
,,,,,,,,,,,,,,,,,,,,,,,,,,,,,,,,,,,,,,,,,
,,,,,,,,,,,,,,,,,,,,,,,,,,,,,,,,,,,,,,,,,
,,,,,,,,,,,,,,,,,,,,,,,,,,,,,,,,,,,,,,,,,
,,,,,,,,,,,,,,,,,,,,,,,,,,,,,,,,,,,,,,,,,
,,,,,,,,,,,,,,,,,,,,,,,,,,,,,,,,,,,,,,,,,
,,,,,,,,,,,,,,,,,,,,,,,,,,,,,,,,,,,,,,,,,
,,,,,,,,,,,,,,,,,,,,,,,,,,,,,,,,,,,,,,,,,
,,,,,,,,,,,,,,,,,,,,,,,,,,,,,,,,,,,,,,,,,
,,,,,,,,,,,,,,,,,,,,,,,,,,,,,,,,,,,,,,,,,
,,,,,,,,,,,,,,,,,,,,,,,,,,,,,,,,,,,,,,,,,
,,,,,,,,,,,,,,,,,,,,,,,,,,,,,,,,,,,,,,,,,
